mae,method,mse,n_dirs,psnr_db,runtime_fit_s,runtime_predict_s,runtime_s,subject,x,y,z
28.704668045043945,noisy,1484.15478515625,16,30.16763995028041,0.0,0.0,0.0,subject_000,24,24,8
26.367597579956055,mppca,1262.2452392578125,16,30.870994503155487,0.11128699999994751,0.0,0.11128699999994751,subject_000,24,24,8
44.97141647338867,patch2self,4959.81591796875,16,24.92777633596964,0.0021076670000184095,0.00024620800013508415,0.0023538750001534936,subject_000,24,24,8
